ts,sprint,targets,b40,audits,contacts,open,merged,closed,sent,paid_deals,paid_usd
2026-09-24T16:56:48Z,sprint1,1279,747,213,141,39,25,13,0,0,0
2026-09-24T17:41:50Z,sprint2,1279,747,213,141,39,25,13,0,0,0
2026-09-24T18:26:53Z,sprint3,1280,748,213,141,39,25,13,0,0,0
2026-09-24T19:11:47Z,sprint4,1280,748,213,141,39,25,13,0,0,0
2026-09-24T19:56:55Z,sprint5,1281,749,213,141,39,25,13,0,0,0
2026-09-24T20:41:42Z,sprint6,1281,749,213,141,39,25,13,0,0,0
2026-09-24T21:26:47Z,sprint7,1281,749,213,141,39,25,13,0,0,0
2026-09-24T22:11:41Z,sprint8,1281,749,213,141,39,25,13,0,0,0
2026-09-25T01:25:35Z,sprint1,1281,749,213,141,39,25,13,0,0,0
2026-09-25T01:30:13Z,sprint1,1281,749,213,150,39,25,13,0,0,0
2026-09-25T02:15:58Z,sprint2,1281,749,213,151,41,25,13,0,0,0
2026-09-25T03:00:27Z,sprint3,1281,749,213,151,42,25,13,0,0,0
2026-09-25T03:45:31Z,sprint4,1281,749,213,151,42,25,13,0,0,0
2026-09-25T04:30:08Z,sprint5,1282,750,213,152,42,25,13,0,0,0
2026-09-25T05:15:18Z,sprint6,1282,750,213,152,42,25,13,0,0,0
2026-09-25T06:00:10Z,sprint7,1282,750,213,152,42,25,13,0,0,0
2026-09-25T06:45:16Z,sprint8,1282,750,213,152,42,25,13,0,0,0
2026-09-25T07:30:32Z,sprint9,1283,750,213,152,43,25,13,0,0,0
2026-09-25T08:16:07Z,sprint1,1283,750,213,165,42,25,14,0,0,0
2026-09-25T09:15:34Z,sprint2,1283,750,213,172,40,25,16,0,0,0
2026-09-25T10:00:37Z,sprint3,1284,751,213,174,41,25,16,0,0,0
2026-09-25T11:21:28Z,sprint4,1284,751,213,174,42,25,16,0,0,0
2026-09-25T12:06:29Z,sprint5,1284,751,213,174,42,26,16,0,0,0
2026-09-26T03:36:36Z,sprint1,1285,751,213,174,40,28,16,0,0,0
2026-09-26T04:19:21Z,sprint2,1285,751,213,174,39,28,18,0,0,0
2026-09-26T05:04:25Z,sprint3,1285,751,213,174,39,28,18,0,0,0
2026-09-26T05:49:53Z,sprint4,1286,751,213,174,39,28,18,8,0,0
2026-09-26T06:34:39Z,sprint5,1286,751,213,174,40,28,18,8,0,0
2026-09-26T07:19:14Z,sprint6,1286,751,213,174,40,28,18,8,0,0
2026-09-26T08:04:40Z,sprint7,1286,751,213,174,40,28,18,8,0,0
2026-09-26T08:49:57Z,sprint8,1286,751,213,174,40,28,18,8,0,0
2026-09-26T09:36:31Z,sprint1,1286,751,213,174,40,28,18,8,0,0
2026-09-26T10:21:41Z,sprint2,1286,751,213,174,40,28,18,8,0,0
2026-09-26T11:05:08Z,sprint3,1286,751,213,174,40,28,18,8,0,0
2026-09-26T11:51:18Z,sprint4,1286,751,213,174,40,28,18,8,0,0
2026-09-26T12:36:53Z,sprint5,1286,751,213,152,40,28,18,8,0,0
2026-09-26T12:37:56Z,sprint1,1286,751,213,174,40,28,18,8,0,0
2026-09-26T13:21:42Z,sprint6,1286,751,213,174,40,28,18,8,0,0
2026-09-26T14:05:53Z,sprint7,1286,751,213,174,37,28,21,8,0,0
2026-09-26T14:50:09Z,sprint8,1286,751,213,174,37,28,21,8,0,0
2026-09-26T15:35:34Z,sprint1,1286,751,213,174,37,28,21,8,0,0
2026-09-26T16:20:08Z,sprint2,1286,751,213,174,37,28,21,8,0,0
2026-09-26T17:05:25Z,sprint3,1286,751,213,174,37,28,21,8,0,0
2026-09-26T17:50:27Z,sprint4,1286,751,213,174,37,28,21,8,0,0
2026-09-26T18:35:26Z,sprint5,1286,751,213,174,37,28,21,8,0,0
2026-09-26T19:20:21Z,sprint6,1286,751,213,174,37,28,21,8,0,0
2026-09-26T20:05:30Z,sprint7,1287,752,213,174,37,28,21,8,0,0
2026-09-26T20:50:34Z,sprint8,1287,752,213,174,37,28,21,8,0,0
2026-09-27T02:18:07Z,sprint1,1287,752,213,174,37,28,21,8,0,0
2026-09-27T03:03:21Z,sprint2,1287,752,213,174,38,28,21,8,0,0
2026-09-27T03:48:12Z,sprint3,1288,753,213,174,38,28,21,8,0,0
2026-09-27T04:33:04Z,sprint4,1289,753,213,174,38,28,21,8,0,0
2026-09-27T05:18:03Z,sprint5,1289,753,213,174,38,28,21,8,0,0
2026-09-27T06:03:13Z,sprint6,1289,753,213,174,38,28,21,8,0,0
2026-09-27T06:48:05Z,sprint7,1290,754,213,174,38,28,21,8,0,0
2026-09-27T07:33:15Z,sprint8,1290,754,213,174,38,28,21,8,0,0
2026-09-27T16:06:44Z,sprint1,1292,755,213,174,38,28,21,8,0,0
2026-09-27T16:51:41Z,sprint2,1293,756,213,174,39,28,21,8,0,0
2026-09-27T17:36:42Z,sprint3,1293,756,213,174,39,28,21,8,0,0
2026-09-27T18:21:33Z,sprint4,1293,756,213,174,39,28,21,8,0,0
2026-09-27T19:06:59Z,sprint5,1293,756,213,174,39,28,21,8,0,0
2026-09-27T19:51:43Z,sprint6,1293,756,213,174,39,28,21,8,0,0
2026-09-28T04:10:25Z,sprint1,1294,757,213,174,39,28,21,8,0,0
2026-09-28T04:55:21Z,sprint2,1294,757,213,174,39,28,21,19,0,0
2026-09-28T05:40:20Z,sprint3,1294,757,213,174,39,28,21,22,0,0
2026-09-28T06:25:16Z,sprint4,1294,757,213,174,39,28,21,22,0,0
2026-09-28T07:10:13Z,sprint5,1294,757,213,174,39,28,21,22,0,0
2026-09-28T07:55:15Z,sprint6,1294,757,213,174,39,28,21,22,0,0
2026-09-28T08:40:16Z,sprint7,1294,757,213,174,39,28,21,22,0,0
2026-09-28T09:25:26Z,sprint8,1294,757,213,174,39,28,21,22,0,0
2026-09-28T10:10:55Z,sprint1,1294,757,213,174,39,28,21,22,0,0
2026-09-28T10:55:47Z,sprint2,1294,757,213,174,39,28,21,22,0,0
2026-09-28T11:41:00Z,sprint3,1294,757,213,174,39,28,21,22,0,0
2026-09-28T12:25:47Z,sprint4,1294,757,213,174,39,28,21,22,0,0
2026-09-28T13:11:00Z,sprint5,1294,757,213,174,39,28,21,22,0,0
2026-09-28T13:56:00Z,sprint6,1295,757,213,174,39,28,21,22,0,0
2026-09-28T14:41:06Z,sprint7,1295,757,213,174,39,28,21,22,0,0
2026-09-28T15:25:59Z,sprint8,1295,757,213,174,38,28,23,22,0,0
2026-09-28T15:32:14Z,sprint1,1295,757,213,174,38,28,23,22,0,0
2026-09-28T16:17:48Z,sprint2,1296,757,213,174,40,28,23,21,0,0
2026-09-28T17:02:11Z,sprint3,1296,757,213,174,39,29,23,21,0,0
2026-09-28T17:47:10Z,sprint4,1296,757,213,174,39,29,23,21,0,0
2026-09-28T18:32:18Z,sprint5,1297,758,213,174,39,29,23,21,0,0
2026-09-28T19:18:02Z,sprint6,1297,758,213,174,39,29,23,21,0,0
2026-09-28T20:02:35Z,sprint7,1297,758,213,174,39,29,23,21,0,0
2026-09-28T20:47:22Z,sprint8,1297,758,213,174,39,29,23,21,0,0
2026-09-29T02:29:58Z,sprint1,1297,758,213,174,39,29,23,29,0,0
2026-09-29T03:16:23Z,sprint2,1297,758,213,174,41,29,23,29,0,0
2026-09-29T04:00:47Z,sprint3,1297,758,213,174,41,29,23,29,0,0
2026-09-29T04:45:21Z,sprint4,1297,758,213,174,40,29,24,29,0,0
2026-09-29T05:30:10Z,sprint5,1297,758,213,174,40,29,24,29,0,0
2026-09-29T06:15:48Z,sprint6,1297,758,213,174,41,29,26,29,0,0
2026-09-29T07:00:45Z,sprint7,1297,758,213,174,38,29,29,29,0,0
2026-09-29T07:45:02Z,sprint8,1297,758,213,174,38,29,29,29,0,0
